RefDes;Name;Pattern;X (mil);Y (mil);Side;Rotate;Value
C1;CAP_CAN_220uF_25V;Wurth 2220uF cap 865080453013;251,36;325,19;Top;180;220uF_25V_20%
C2;CAP_0805_10uF_35V;0805;968,91;-300,99;Top;180;10uF_35V_20%
C3;CAP_0805_10uF_35V;0805;2638,48;-331,39;Top;0;10uF_35V_20%
C4;CAP_0805_10uF_35V;0805;2550,99;418,91;Top;270;10uF_35V_20%
C5;CAP_0805_10uF_35V;0805;2824,02;1663,49;Top;0;10uF_35V_20%
C6;CAP_0805_10uF_35V;0805;2256,09;2263,49;Top;0;10uF_35V_20%
C7;CAP_0805_10uF_35V;0805;272,89;2249,01;Top;180;10uF_35V_20%
C8;CAP_0805_10uF_35V;0805;1863,49;-617,66;Top;270;10uF_35V_20%
C9;CAP_0805_10uF_35V;0805;2712,34;1144,74;Top;0;10uF_35V_20%
C10;CAP_0805_10uF_35V;0805;1318,59;2263,49;Top;0;10uF_35V_20%
C11;CAP_0805_10uF_35V;0805;1343,91;192,76;Top;180;10uF_35V_20%
D1;5.6V Zener (2);DO-219AB Diode;-94,59;-243,75;Top;180;5V6
D2;0603 LED Orange;Kingbright 0603 LED KPT-1608SURCK;1200,29;-645,14;Top;180;601nm
D3;0603 LED Orange;Kingbright 0603 LED KPT-1608SURCK;2728,84;-677,69;Top;0;601nm
D4;0603 LED Orange;Kingbright 0603 LED KPT-1608SURCK;2863,94;191,53;Top;270;601nm
D5;0603 LED Orange;Kingbright 0603 LED KPT-1608SURCK;2811,06;1764,72;Top;90;601nm
D6;0603 LED Orange;Kingbright 0603 LED KPT-1608SURCK;2511,32;2567,46;Top;180;601nm
D7;0603 LED Orange;Kingbright 0603 LED KPT-1608SURCK;130,41;2546,72;Top;0;601nm
F1;Littlefuse 1.1A/1.95A 1812L110/33MR;Littlefuse 1812L PTC series;-70,91;-511,6;Top;90;1.1A
F2;Littlefuse 0.3A/0.6A 2920L030DR ;Littlefuse 2920L PTC series ;1161,17;768,75;Top;0;0.6A
F3;Littlefuse 0.3A/0.6A 2920L030DR ;Littlefuse 2920L PTC series ;837,5;738,83;Top;270;0.6A
IN5_1;Weidmuller SL 2P Horizontal;Weidmuller SL 3.5/2/90G ORANGE 2P;1334,56;2555,25;Top;0;1x2 Horizontal
J3;Weidmuller SL 4P Horizontal;Weidmuller SL 3.5/4/90G ORANGE 4P;385,59;-638,02;Top;180;1x4 Horizontal
J4;Weidmuller SL 4P Horizontal;Weidmuller SL 3.5/4/90G ORANGE 4P;332,06;1084,54;Top;90;1x4 Horizontal
J9;Weidmuller SL 2P Horizontal;Weidmuller SL 3.5/2/90G ORANGE 2P;1647,72;-638,02;Top;180;1x2 Horizontal
J10;Weidmuller SL 2P Horizontal;Weidmuller SL 3.5/2/90G ORANGE 2P;2844,86;931,19;Top;270;1x2 Horizontal
OUT1;Weidmuller SL 2P Horizontal;Weidmuller SL 3.5/2/90G ORANGE 2P;974,49;-638,02;Top;180;1x2 Horizontal
OUT2;Weidmuller SL 2P Horizontal;Weidmuller SL 3.5/2/90G ORANGE 2P;2505,99;-638,02;Top;180;1x2 Horizontal
OUT3;Weidmuller SL 2P Horizontal;Weidmuller SL 3.5/2/90G ORANGE 2P;2844,86;427,25;Top;270;1x2 Horizontal
OUT4;Weidmuller SL 2P Horizontal;Weidmuller SL 3.5/2/90G ORANGE 2P;2844,86;1435,12;Top;270;1x2 Horizontal
OUT5;Weidmuller SL 2P Horizontal;Weidmuller SL 3.5/2/90G ORANGE 2P;2265,66;2549;Top;0;1x2 Horizontal
OUT6;Weidmuller SL 2P Horizontal;Weidmuller SL 3.5/2/90G ORANGE 2P;364,09;2549;Top;0;1x2 Horizontal
P1;BBB P9 Samtec ESQ-123-14-G-D;BBB P9 Samtec ESQ-123-14-G-D;1294,12;36,23;Top;0;
P2;BBB P8 Samtec ESQ-123-14-G-D;BBB P8 Samtec ESQ-123-14-G-D;1300,49;1867,09;Top;0;2x23
R8;RES_0603_7k32_1%;0603;1281,67;-639,4;Top;270;7k32_0.1%
R9;RES_0603_7k32_1%;0603;2728,77;-541,03;Top;270;7k32_0.1%
R10;RES_0603_7k32_1%;0603;2855,94;96,38;Top;0;7k32_0.1%
R11;RES_0603_7k32_1%;0603;2810,59;1874,58;Top;180;7k32_0.1%
R12;RES_0603_7k32_1%;0603;2509,42;2373,71;Top;90;7k32_0.1%
R13;RES_0603_7k32_1%;0603;24,58;2539,41;Top;90;7k32_0.1%
R14;RES_0402_100k_1%;0402;2024,69;155,61;Top;180;100k_1%
R15;POT_2k_10%_SMD;2k 5 turn Timpot Bourns 3214W-1-202E ;1201,92;380,41;Top;270;2k_10%
R16;RES_0603_7k32_1%;0603;1409,86;630,94;Top;90;7k32_0.1%
R17;RES_0603_4k99_1%;0603;1612,92;348,1;Top;270;4k99_1%
R21;RES_0402_1M1_1%;0402;1343,8;424,1;Top;270;1M1_1%
S1;EVQPLMA15 momentary switch;Panasonic EVQPLMA15 Tactile switch;-368,82;45,28;Top;270;
S2;EVQPLMA15 momentary switch;Panasonic EVQPLMA15 Tactile switch;-367,81;460,63;Top;270;
U4;MCP6001R Opamp;SOT23-5;1676,19;193,85;Top;270;
U5;MCP6001R Opamp;SOT23-5;1873,81;193,85;Top;90;
U7;INA168NA;SOT23-5;1466,93;355,92;Top;180;Current sense amplifier
C101_1;CAP_0402_1uF_35V;0402;1645,62;-308,74;Top;90;1uF_35V_10%
C103_1;CAP_0402_1uF_35V;0402;1799,16;-268,69;Top;90;1uF_35V_10%
R1_1;RES_0402_11k8_1%;0402;1132,15;-237,44;Top;0;11k8_1%
R2_1;RES_0402_11k8_1%;0402;2224,69;-380,71;Top;180;11k8_1%
R101_1;RES_0402_10k_1%;0402;1474,1;-131,3;Top;180;10k_1%
R102_1;RES_0402_549k_1%;0402;1508,19;-285,38;Top;0;549k_1%
R104_1;RES_0402_182k_1%;0402;1486,53;-232,23;Top;0;182k_1%
R105_1;RES_0402_11k8_1%;0402;1169,06;-188,04;Top;0;11k8_1%
R106_1;RES_0402_20k_1%;0402;1246,12;-145,98;Top;270;20k_1%
R107_1;RES_0402_30k1_1%;0402;1458,97;-188,92;Top;0;30k1_1%
R108_1;RES_0402_10k_1%;0402;2031,19;-474,46;Top;180;10k_1%
R109_1;RES_0402_549k_1%;0402;1854,28;-344,18;Top;90;549k_1%
R111_1;RES_0402_182k_1%;0402;1889,71;-418,98;Top;90;182k_1%
R112_1;RES_0402_11k8_1%;0402;2198,51;-429,19;Top;180;11k8_1%
R113_1;RES_0402_20k_1%;0402;2143,7;-499,1;Top;90;20k_1%
R114_1;RES_0402_30k1_1%;0402;1917,01;-490,21;Top;180;30k1_1%
U101_1;TPS26600RHFT eFuse;RQFN-24V/4x5x0.5;1303,15;-330,71;Top;90;
U102_1;TPS26600RHFT eFuse;RQFN-24V/4x5x0.5;2040,94;-327,09;Top;270;
C101_2;CAP_0402_1uF_35V;0402;2243,32;849,8;Top;180;1uF_35V_10%
C103_2;CAP_0402_1uF_35V;0402;2083,04;1198,87;Top;180;1uF_35V_10%
R1_2;RES_0402_11k8_1%;0402;2150,54;387,81;Top;90;11k8_1%
R2_2;RES_0402_11k8_1%;0402;2317,85;1512,45;Top;180;11k8_1%
R101_2;RES_0402_10k_1%;0402;2070,81;573,15;Top;90;10k_1%
R102_2;RES_0402_549k_1%;0402;2218,81;791,39;Top;0;549k_1%
R104_2;RES_0402_182k_1%;0402;2121,99;742,44;Top;90;182k_1%
R105_2;RES_0402_11k8_1%;0402;2102,31;435,35;Top;90;11k8_1%
R106_2;RES_0402_20k_1%;0402;2055,06;451,1;Top;90;20k_1%
R107_2;RES_0402_30k1_1%;0402;2061,33;669,35;Top;0;30k1_1%
R108_2;RES_0402_10k_1%;0402;2323,18;1339,74;Top;270;10k_1%
R109_2;RES_0402_549k_1%;0402;2197,43;1178,85;Top;180;549k_1%
R111_2;RES_0402_182k_1%;0402;2287,36;1203,95;Top;180;182k_1%
R112_2;RES_0402_11k8_1%;0402;2291,56;1468,27;Top;180;11k8_1%
R113_2;RES_0402_20k_1%;0402;2334,77;1413,65;Top;180;20k_1%
R114_2;RES_0402_30k1_1%;0402;2336,54;1259,96;Top;180;30k1_1%
U101_2;TPS26600RHFT eFuse;RQFN-24V/4x5x0.5;2226,75;559,06;Top;180;
U102_2;TPS26600RHFT eFuse;RQFN-24V/4x5x0.5;2164,98;1352,36;Top;0;
C101_3;CAP_0402_1uF_35V;0402;1081,3;2249,1;Top;270;1uF_35V_10%
C103_3;CAP_0402_1uF_35V;0402;1566,98;2379,61;Top;270;1uF_35V_10%
R1_3;RES_0402_11k8_1%;0402;1980,35;2293,7;Top;180;11k8_1%
R2_3;RES_0402_11k8_1%;0402;581,3;2405,35;Top;270;11k8_1%
R101_3;RES_0402_10k_1%;0402;1732,23;2155,82;Top;90;10k_1%
R102_3;RES_0402_549k_1%;0402;1612,45;2325,9;Top;90;549k_1%
R104_3;RES_0402_182k_1%;0402;1617,8;2230,26;Top;180;182k_1%
R105_3;RES_0402_11k8_1%;0402;1954,41;2244,04;Top;180;11k8_1%
R106_3;RES_0402_20k_1%;0402;1897,33;2183,02;Top;180;20k_1%
R107_3;RES_0402_30k1_1%;0402;1655,2;2181,05;Top;180;30k1_1%
R108_3;RES_0402_10k_1%;0402;832,15;2500,05;Top;0;10k_1%
R109_3;RES_0402_549k_1%;0402;960,68;2320,56;Top;270;549k_1%
R111_3;RES_0402_182k_1%;0402;966,85;2397,69;Top;0;182k_1%
R112_3;RES_0402_11k8_1%;0402;635,88;2428,82;Top;270;11k8_1%
R113_3;RES_0402_20k_1%;0402;689,03;2485,91;Top;270;20k_1%
R114_3;RES_0402_30k1_1%;0402;950,28;2456,2;Top;180;30k1_1%
U101_3;TPS26600RHFT eFuse;RQFN-24V/4x5x0.5;1791,34;2336,99;Top;270;
U102_3;TPS26600RHFT eFuse;RQFN-24V/4x5x0.5;793,31;2322,46;Top;90;
