RefDes;Name;Pattern;X (mil);Y (mil);Side;Rotate;Value
C1;CAP_0603_220nF_25V;0603;1195,92;1268,55;Top;270;220nF_25V_10%
C2;CAP_0603_220nF_25V;0603;1210,88;2742,12;Top;270;220nF_25V_10%
C3;CAP_0603_220nF_25V;0603;869,2;2866,83;Top;270;220nF_25V_10%
C4;CAP_0603_220nF_25V;0603;1114,13;2777,71;Top;0;220nF_25V_10%
C5;CAP_0603_220nF_25V;0603;901,92;3206,7;Top;0;220nF_25V_10%
C6;CAP_0603_220nF_25V;0603;986,91;2742,12;Top;270;220nF_25V_10%
C7;CAP_0603_220nF_25V;0603;973,08;1263,92;Top;180;220nF_25V_10%
C8;CAP_0603_220nF_25V;0603;1126,28;1259,9;Top;90;220nF_25V_10%
C9;CAP_0603_220nF_25V;0603;847,24;1545,18;Top;90;220nF_25V_10%
C10;CAP_0805_10uF_16V;0805;2158,87;1238,25;Top;270;10uF_16V_10%
C11;CAP_0603_220nF_25V;0603;852,17;1399,8;Top;270;220nF_25V_10%
C12;CAP_0603_10pF_10V;0603;2356,2;2320,77;Top;270;10pF_10V_1%
C13;CAP_0603_10pF_10V;0603;2449,8;2232,53;Top;180;10pF_10V_1%
C14;CAP_0402_100nF_50V;0402;2008,87;2283,03;Top;0;100nF_50V_10%
C15;CAP_0402_100nF_50V;0402;2408,03;1950,82;Top;270;100nF_50V_10%
C16;CAP_0402_100nF_50V;0402;2057,15;1568,8;Top;0;100nF_50V_10%
C17;CAP_0805_10uF_16V;0805;1694,6;1906,98;Top;180;10uF_16V_10%
C18;CAP_1206_10uF_50V;1206;3494,88;2562,09;Top;0;10uF_50V_10%
C19;CAP_0805_10uF_16V;0805;3153,06;1830,28;Top;270;10uF_16V_10%
C20;CAP_0603_2.2uF_25V;0603;1733,88;956,56;Top;270;2.2uF_25V_10%
C21;CAP_0603_2.2uF_25V;0603;3087,05;2014,42;Top;90;2.2uF_25V_10%
C22;CAP_0603_2.2uF_25V;0603;2823,08;2005,8;Top;180;2.2uF_25V_10%
C23;CAP_0603_2.2uF_25V;0603;1412,3;1182,52;Top;180;2.2uF_25V_10%
C24;CAP_0603_2.2uF_25V;0603;2556,7;2898,08;Top;270;2.2uF_25V_10%
C25;CAP_0603_2.2uF_25V;0603;2168,3;2995,67;Top;90;2.2uF_25V_10%
C26;CAP_0603_2.2uF_25V;0603;881,15;750,77;Top;270;2.2uF_25V_10%
C27;CAP_0603_2.2uF_25V;0603;1437,08;739,41;Top;90;2.2uF_25V_10%
C28;CAP_0805_10uF_16V;0805;2794,74;2638,59;Top;270;10uF_16V_10%
C29;CAP_1206_10uF_50V;1206;2587,09;563,63;Top;270;10uF_50V_10%
Heartbeat;0603 LED Orange;Kingbright 0603 LED KPT-1608SURCK;1769,98;1561,06;Top;180;601nm
I2C;Pin header 4P;Pin header 4P;1599,94;2592,51;Top;180;1x4
J1;Weidmuller SL 2P Vertical;Weidmuller SL 3.5/2/180G ORANGE 2P;2917,35;481,73;Top;180;1x2 Vertical
J3;Weidmuller SL 4P Vertical;Weidmuller SL 3.5/4/180G ORANGE 4P;268,9;1863,98;Top;90;1x4 Vertical
J4;Weidmuller SL 4P Vertical;Weidmuller SL 3.5/4/180G ORANGE 4P;275,15;927,07;Top;90;1x4 Vertical
J5;Weidmuller SL 3P Vertical;Weidmuller SL 3.5/3/180G ORANGE 3P;870,37;3516,32;Top;0;1x3 Vertical
J6;USB-A Micro Vertical;GCT Micro USB Top;1026,18;2437,79;Top;180;1x5
J7;Pin header 3P;Pin header 3P;2073,24;1300,1;Top;270;1x3
J8;PIC ICSP;MOLEX-1X6_LOCK;2550,52;1304,19;Top;180;1x5
J9;RJ45 for TW5340 GNSS;RJ45-8-LP;2325;4028,25;Top;180;8P8C
J10;Weidmuller SL 3P Vertical;Weidmuller SL 3.5/3/180G ORANGE 3P;266,65;2622,08;Top;90;1x3 Vertical
J11;Weidmuller SL 3P Vertical;Weidmuller SL 3.5/3/180G ORANGE 3P;1563,82;3854,12;Top;0;1x3 Vertical
J12;Weidmuller SL 2P Vertical;Weidmuller SL 3.5/2/180G ORANGE 2P;2945;3849,66;Top;0;1x2 Vertical
L1;Murata BLM18HE152SN1 ferrite;0603;748,09;3274,58;Top;180;BLM18HE152SN1
L2;Murata BLM18HE152SN1 ferrite;0603;1191,12;3368,44;Top;90;BLM18HE152SN1
L3;Murata BLM18HE152SN1 ferrite;0603;751,79;1663,8;Top;180;BLM18HE152SN1
L4;Murata BLM18HE152SN1 ferrite;0603;758,04;1776,3;Top;180;BLM18HE152SN1
L5;Murata BLM18HE152SN1 ferrite;0603;923,44;956,27;Top;180;BLM18HE152SN1
L6;Murata BLM18HE152SN1 ferrite;0603;923,44;1098,01;Top;180;BLM18HE152SN1
L7;Murata BLM18HE152SN1 ferrite;0603;600,06;2487,08;Top;180;BLM18HE152SN1
L8;Murata BLM18HE152SN1 ferrite;0603;601,79;2613,8;Top;180;BLM18HE152SN1
LED7;0603 LED Red;Kingbright 0603 LED KPT-1608SURCK;2045,97;2411,14;Top;0;630nm
LED8;0603 LED Green;Kingbright 0603 LED KPT-1608SURCK;3082,69;1494,98;Top;270;568nm
MUX;0603 LED Orange;Kingbright 0603 LED KPT-1608SURCK;2390,66;1699,51;Top;270;601nm
R1;RES_0402_10k_1%;0402;2171,37;1414,28;Top;0;10k_1%
R2;RES_0402_470R_1%;0402;2133,81;1545,85;Top;270;470R_1%
R3;RES_0402_100k_1%;0402;2663,6;1418,26;Top;0;100k_1%
R4;RES_0402_470R_1%;0402;2438,32;1620,42;Top;180;470R_1%
R5;RES_0402_470R_1%;0402;2494,57;1489,17;Top;180;470R_1%
R6;RES_0402_2k5_1%;0402;1532,92;2771,37;Top;90;2k5_1%
R7;RES_0402_2k5_1%;0402;1617,96;2774,82;Top;90;2k5_1%
R8;RES_0603_100R_1%;0603;1982,55;2414,5;Top;90;100R_1%
R9;RES_0402_470R_1%;0402;1839,28;1545,75;Top;270;470R_1%
R10;RES_0402_330R_1%;0402;3118,8;1586,6;Top;270;330R_1%
R11;RES_0402_2k5_1%;0402;2544,65;2318,8;Top;0;2k5_1%
R12;RES_0402_2k5_1%;0402;2577,26;2014,53;Top;90;2k5_1%
R13;RES_0402_100k_1%;0402;2670,16;2014,76;Top;180;100k_1%
S1;EVQPLMA15 momentary switch;Panasonic EVQPLMA15 Tactile switch;1534,87;1503,89;Top;270;RESET
S2;SPST miniature;C&K Switch;2653,49;2182,83;Top;0;
SENS;0603 LED Orange;Kingbright 0603 LED KPT-1608SURCK;2415,66;1549,51;Top;270;601nm
SPI;Pin header 2x4P;HDR-2x4T/2.54x2.54/10x5;3039,22;1232,97;Top;0;2x4
U1;MAX3232;SOIC-16/150mil;1095,93;2983,02;Top;90;RS232
U2;MAX3232;SOIC-16/150mil;1095,93;1495,52;Top;90;RS232
U3;PIC24FJ128GB204 TQFP;TQFP44;2049,9;1923,72;Top;0;
U4;BD90c0AFPS;TO252-3V/9.6x6.6x2.3;1163,23;691,09;Top;270;1A/9V
U5;Solder jumper 2p;Solder Jumper 2P;1684,37;696,58;Top;180;
U6;OKI-78SR-5;Murata OKI-78SR-E;3121,72;2741,57;Top;180;1.5A/5V
U7;MCP1703;MCP1703-3302E/DB LDO;2958,72;1779,58;Top;180;250mA/3.3v 
U8;MCP1703;MCP1703-3302E/DB LDO;1577,48;998,33;Top;180;250mA/3.3v 
U9;Solder jumper 3p narrow;Solder Jumper 3P;1945,36;2802,16;Top;90;
U10;I2C Sensor board DV Double;I2C Sensor DV Double;4224,22;2543,99;Top;270;
U10I2C;MCP1703;MCP1703-3302E/DB LDO;2379,15;2845,28;Top;180;250mA/3.3v 
Y1;32k768 SMD XTAL;XTAL_3.2x1.5;2328,69;2197,44;Top;315;32k768
